柜体侧板（L）,CB(L)-HS00-2434-574-16
柜体侧板（R）,CB(R)-HS00-2434-574-16
顶底板（单门柜体）,DD-HS00-336-554-16
顶底板（单门柜体）,DD-HS00-368-554-16
顶底板（单门柜体）,DD-HS00-400-554-16
顶底板（单门柜体）,DD-HS00-432-554-16
顶底板（双门柜体）,DD-HS00-672-554-16
顶底板（双门柜体）,DD-HS00-704-554-16
顶底板（双门柜体）,DD-HS00-736-554-16
顶底板（双门柜体）,DD-HS00-768-554-16
顶底板（双门柜体）,DD-HS00-800-554-16
顶底板（双门柜体）,DD-HS00-832-554-16
顶底板（双门柜体）,DD-HS00-864-554-16
顶底板（双门柜体）,DD-HS00-896-554-16
层隔板（单门柜体）,CG-HS00-336-554-25
层隔板（单门柜体）,CG-HS00-368-554-25
层隔板（单门柜体）,CG-HS00-400-554-25
层隔板（单门柜体）,CG-HS00-432-554-25
层隔板（双门柜体）,CG-HS00-672-554-25
层隔板（双门柜体）,CG-HS00-704-554-25
层隔板（双门柜体）,CG-HS00-736-554-25
层隔板（双门柜体）,CG-HS00-768-554-25
层隔板（双门柜体）,CG-HS00-800-554-25
层隔板（双门柜体）,CG-HS00-832-554-25
层隔板（双门柜体）,CG-HS00-864-554-25
层隔板（双门柜体）,CG-HS00-896-554-25
"抽屉层隔板（E/F类柜体）与""抽屉组件""搭配使用",CTCG-HS00-672-554-25
"抽屉层隔板（E/F类柜体）与""抽屉组件""搭配使用",CTCG-HS00-704-554-25
"抽屉层隔板（E/F类柜体）与""抽屉组件""搭配使用",CTCG-HS00-736-554-25
"抽屉层隔板（E/F类柜体）与""抽屉组件""搭配使用",CTCG-HS00-768-554-25
"抽屉层隔板（E/F类柜体）与""抽屉组件""搭配使用",CTCG-HS00-800-554-25
"抽屉层隔板（E/F类柜体）与""抽屉组件""搭配使用",CTCG-HS00-832-554-25
"抽屉层隔板（E/F类柜体）与""抽屉组件""搭配使用",CTCG-HS00-864-554-25
"抽屉层隔板（E/F类柜体）与""抽屉组件""搭配使用",CTCG-HS00-896-554-25
后背板（单门柜体）,HB-HS00-2352-336-12
后背板（单门柜体）,HB-HS00-2352-368-12
后背板（单门柜体）,HB-HS00-2352-400-12
后背板（单门柜体）,HB-HS00-2352-432-12
后背板（单门柜体）,HB-HS00-2320-336-12
后背板（单门柜体）,HB-HS00-2320-368-12
后背板（单门柜体）,HB-HS00-2320-400-12
后背板（单门柜体）,HB-HS00-2320-432-12
后背板（单门柜体）,HB-HS00-2288-336-12
后背板（单门柜体）,HB-HS00-2288-368-12
后背板（单门柜体）,HB-HS00-2288-400-12
后背板（单门柜体）,HB-HS00-2288-432-12
后背板（单门柜体）,HB-HS00-2256-336-12
后背板（单门柜体）,HB-HS00-2256-368-12
后背板（单门柜体）,HB-HS00-2256-400-12
后背板（单门柜体）,HB-HS00-2256-432-12
后背板（双门柜体）为(1+1)组合,HB-HS00-2352-336-12
后背板（双门柜体）为(1+1)组合,HB-HS00-2352-336-12
后背板（双门柜体）为(1+1)组合,HB-HS00-2352-368-12
后背板（双门柜体）为(1+1)组合,HB-HS00-2352-368-12
后背板（双门柜体）为(1+1)组合,HB-HS00-2352-368-12
后背板（双门柜体）为(1+1)组合,HB-HS00-2352-400-12
后背板（双门柜体）为(1+1)组合,HB-HS00-2352-400-12
后背板（双门柜体）为(1+1)组合,HB-HS00-2352-400-12
后背板（双门柜体）为(1+1)组合,HB-HS00-2352-432-12
后背板（双门柜体）为(1+1)组合,HB-HS00-2352-432-12
后背板（双门柜体）为(1+1)组合,HB-HS00-2352-432-12
后背板（双门柜体）为(1+1)组合,HB-HS00-2352-464-12
后背板（双门柜体）为(1+1)组合,HB-HS00-2320-336-12
后背板（双门柜体）为(1+1)组合,HB-HS00-2320-336-12
后背板（双门柜体）为(1+1)组合,HB-HS00-2320-368-12
后背板（双门柜体）为(1+1)组合,HB-HS00-2320-368-12
后背板（双门柜体）为(1+1)组合,HB-HS00-2320-368-12
后背板（双门柜体）为(1+1)组合,HB-HS00-2320-400-12
后背板（双门柜体）为(1+1)组合,HB-HS00-2320-400-12
后背板（双门柜体）为(1+1)组合,HB-HS00-2320-400-12
后背板（双门柜体）为(1+1)组合,HB-HS00-2320-432-12
后背板（双门柜体）为(1+1)组合,HB-HS00-2320-432-12
后背板（双门柜体）为(1+1)组合,HB-HS00-2320-432-12
后背板（双门柜体）为(1+1)组合,HB-HS00-2320-464-12
后背板（双门柜体）为(1+1)组合,HB-HS00-2288-336-12
后背板（双门柜体）为(1+1)组合,HB-HS00-2288-336-12
后背板（双门柜体）为(1+1)组合,HB-HS00-2288-368-12
后背板（双门柜体）为(1+1)组合,HB-HS00-2288-368-12
后背板（双门柜体）为(1+1)组合,HB-HS00-2288-368-12
后背板（双门柜体）为(1+1)组合,HB-HS00-2288-400-12
后背板（双门柜体）为(1+1)组合,HB-HS00-2288-400-12
后背板（双门柜体）为(1+1)组合,HB-HS00-2288-400-12
后背板（双门柜体）为(1+1)组合,HB-HS00-2288-432-12
后背板（双门柜体）为(1+1)组合,HB-HS00-2288-432-12
后背板（双门柜体）为(1+1)组合,HB-HS00-2288-432-12
后背板（双门柜体）为(1+1)组合,HB-HS00-2288-464-12
后背板（双门柜体）为(1+1)组合,HB-HS00-2256-336-12
后背板（双门柜体）为(1+1)组合,HB-HS00-2256-336-12
后背板（双门柜体）为(1+1)组合,HB-HS00-2256-368-12
后背板（双门柜体）为(1+1)组合,HB-HS00-2256-368-12
后背板（双门柜体）为(1+1)组合,HB-HS00-2256-368-12
后背板（双门柜体）为(1+1)组合,HB-HS00-2256-400-12
后背板（双门柜体）为(1+1)组合,HB-HS00-2256-400-12
后背板（双门柜体）为(1+1)组合,HB-HS00-2256-400-12
后背板（双门柜体）为(1+1)组合,HB-HS00-2256-432-12
后背板（双门柜体）为(1+1)组合,HB-HS00-2256-432-12
后背板（双门柜体）为(1+1)组合,HB-HS00-2256-432-12
后背板（双门柜体）为(1+1)组合,HB-HS00-2256-464-12
门板（L/R）,MB(L)-HS01-2352-349-16
门板（L/R）,MB(L)-HS02-2352-349-16
门板（L/R）,MB(L)-HS03-2352-349-16
门板（L/R）,MB(L)-HS99-2352-349-16
门板（L/R）,MB(L)-HS98-2352-349-16
门板（L/R）,MB(L)-HS97-2352-349-16
门板（L/R）,MB(R)-HS01-2352-349-16
门板（L/R）,MB(R)-HS02-2352-349-16
门板（L/R）,MB(R)-HS03-2352-349-16
门板（L/R）,MB(R)-HS99-2352-349-16
门板（L/R）,MB(R)-HS98-2352-349-16
门板（L/R）,MB(R)-HS97-2352-349-16
门板（L/R）,MB(L)-HS01-2352-365-16
门板（L/R）,MB(L)-HS02-2352-365-16
门板（L/R）,MB(L)-HS03-2352-365-16
门板（L/R）,MB(L)-HS99-2352-365-16
门板（L/R）,MB(L)-HS98-2352-365-16
门板（L/R）,MB(L)-HS97-2352-365-16
门板（L/R）,MB(R)-HS01-2352-365-16
门板（L/R）,MB(R)-HS02-2352-365-16
门板（L/R）,MB(R)-HS03-2352-365-16
门板（L/R）,MB(R)-HS99-2352-365-16
门板（L/R）,MB(R)-HS98-2352-365-16
门板（L/R）,MB(R)-HS97-2352-365-16
门板（L/R）,MB(L)-HS01-2352-381-16
门板（L/R）,MB(L)-HS02-2352-381-16
门板（L/R）,MB(L)-HS03-2352-381-16
门板（L/R）,MB(L)-HS99-2352-381-16
门板（L/R）,MB(L)-HS98-2352-381-16
门板（L/R）,MB(L)-HS97-2352-381-16
门板（L/R）,MB(R)-HS01-2352-381-16
门板（L/R）,MB(R)-HS02-2352-381-16
门板（L/R）,MB(R)-HS03-2352-381-16
门板（L/R）,MB(R)-HS99-2352-381-16
门板（L/R）,MB(R)-HS98-2352-381-16
门板（L/R）,MB(R)-HS97-2352-381-16
门板（L/R）,MB(L)-HS01-2352-397-16
门板（L/R）,MB(L)-HS02-2352-397-16
门板（L/R）,MB(L)-HS03-2352-397-16
门板（L/R）,MB(L)-HS99-2352-397-16
门板（L/R）,MB(L)-HS98-2352-397-16
门板（L/R）,MB(L)-HS97-2352-397-16
门板（L/R）,MB(R)-HS01-2352-397-16
门板（L/R）,MB(R)-HS02-2352-397-16
门板（L/R）,MB(R)-HS03-2352-397-16
门板（L/R）,MB(R)-HS99-2352-397-16
门板（L/R）,MB(R)-HS98-2352-397-16
门板（L/R）,MB(R)-HS97-2352-397-16
门板（L/R）,MB(L)-HS01-2352-413-16
门板（L/R）,MB(L)-HS02-2352-413-16
门板（L/R）,MB(L)-HS03-2352-413-16
门板（L/R）,MB(L)-HS99-2352-413-16
门板（L/R）,MB(L)-HS98-2352-413-16
门板（L/R）,MB(L)-HS97-2352-413-16
门板（L/R）,MB(R)-HS01-2352-413-16
门板（L/R）,MB(R)-HS02-2352-413-16
门板（L/R）,MB(R)-HS03-2352-413-16
门板（L/R）,MB(R)-HS99-2352-413-16
门板（L/R）,MB(R)-HS98-2352-413-16
门板（L/R）,MB(R)-HS97-2352-413-16
门板（L/R）,MB(L)-HS01-2352-429-16
门板（L/R）,MB(L)-HS02-2352-429-16
门板（L/R）,MB(L)-HS03-2352-429-16
门板（L/R）,MB(L)-HS99-2352-429-16
门板（L/R）,MB(L)-HS98-2352-429-16
门板（L/R）,MB(L)-HS97-2352-429-16
门板（L/R）,MB(R)-HS01-2352-429-16
门板（L/R）,MB(R)-HS02-2352-429-16
门板（L/R）,MB(R)-HS03-2352-429-16
门板（L/R）,MB(R)-HS99-2352-429-16
门板（L/R）,MB(R)-HS98-2352-429-16
门板（L/R）,MB(R)-HS97-2352-429-16
门板（L/R）,MB(L)-HS01-2352-445-16
门板（L/R）,MB(L)-HS02-2352-445-16
门板（L/R）,MB(L)-HS03-2352-445-16
门板（L/R）,MB(L)-HS99-2352-445-16
门板（L/R）,MB(L)-HS98-2352-445-16
门板（L/R）,MB(L)-HS97-2352-445-16
门板（L/R）,MB(R)-HS01-2352-445-16
门板（L/R）,MB(R)-HS02-2352-445-16
门板（L/R）,MB(R)-HS03-2352-445-16
门板（L/R）,MB(R)-HS99-2352-445-16
门板（L/R）,MB(R)-HS98-2352-445-16
门板（L/R）,MB(R)-HS97-2352-445-16
门板（L/R）,MB(L)-HS01-2352-461-16
门板（L/R）,MB(L)-HS02-2352-461-16
门板（L/R）,MB(L)-HS03-2352-461-16
门板（L/R）,MB(L)-HS99-2352-461-16
门板（L/R）,MB(L)-HS98-2352-461-16
门板（L/R）,MB(L)-HS97-2352-461-16
门板（L/R）,MB(R)-HS01-2352-461-16
门板（L/R）,MB(R)-HS02-2352-461-16
门板（L/R）,MB(R)-HS03-2352-461-16
门板（L/R）,MB(R)-HS99-2352-461-16
门板（L/R）,MB(R)-HS98-2352-461-16
门板（L/R）,MB(R)-HS97-2352-461-16
门板（L/R）,MB(L)-HS01-2320-349-16
门板（L/R）,MB(L)-HS02-2320-349-16
门板（L/R）,MB(L)-HS03-2320-349-16
门板（L/R）,MB(L)-HS99-2320-349-16
门板（L/R）,MB(L)-HS98-2320-349-16
门板（L/R）,MB(L)-HS97-2320-349-16
门板（L/R）,MB(R)-HS01-2320-349-16
门板（L/R）,MB(R)-HS02-2320-349-16
门板（L/R）,MB(R)-HS03-2320-349-16
门板（L/R）,MB(R)-HS99-2320-349-16
门板（L/R）,MB(R)-HS98-2320-349-16
门板（L/R）,MB(R)-HS97-2320-349-16
门板（L/R）,MB(L)-HS01-2320-365-16
门板（L/R）,MB(L)-HS02-2320-365-16
门板（L/R）,MB(L)-HS03-2320-365-16
门板（L/R）,MB(L)-HS99-2320-365-16
门板（L/R）,MB(L)-HS98-2320-365-16
门板（L/R）,MB(L)-HS97-2320-365-16
门板（L/R）,MB(R)-HS01-2320-365-16
门板（L/R）,MB(R)-HS02-2320-365-16
门板（L/R）,MB(R)-HS03-2320-365-16
门板（L/R）,MB(R)-HS99-2320-365-16
门板（L/R）,MB(R)-HS98-2320-365-16
门板（L/R）,MB(R)-HS97-2320-365-16
门板（L/R）,MB(L)-HS01-2320-381-16
门板（L/R）,MB(L)-HS02-2320-381-16
门板（L/R）,MB(L)-HS03-2320-381-16
门板（L/R）,MB(L)-HS99-2320-381-16
门板（L/R）,MB(L)-HS98-2320-381-16
门板（L/R）,MB(L)-HS97-2320-381-16
门板（L/R）,MB(R)-HS01-2320-381-16
门板（L/R）,MB(R)-HS02-2320-381-16
门板（L/R）,MB(R)-HS03-2320-381-16
门板（L/R）,MB(R)-HS99-2320-381-16
门板（L/R）,MB(R)-HS98-2320-381-16
门板（L/R）,MB(R)-HS97-2320-381-16
门板（L/R）,MB(L)-HS01-2320-397-16
门板（L/R）,MB(L)-HS02-2320-397-16
门板（L/R）,MB(L)-HS03-2320-397-16
门板（L/R）,MB(L)-HS99-2320-397-16
门板（L/R）,MB(L)-HS98-2320-397-16
门板（L/R）,MB(L)-HS97-2320-397-16
门板（L/R）,MB(R)-HS01-2320-397-16
门板（L/R）,MB(R)-HS02-2320-397-16
门板（L/R）,MB(R)-HS03-2320-397-16
门板（L/R）,MB(R)-HS99-2320-397-16
门板（L/R）,MB(R)-HS98-2320-397-16
门板（L/R）,MB(R)-HS97-2320-397-16
门板（L/R）,MB(L)-HS01-2320-413-16
门板（L/R）,MB(L)-HS02-2320-413-16
门板（L/R）,MB(L)-HS03-2320-413-16
门板（L/R）,MB(L)-HS99-2320-413-16
门板（L/R）,MB(L)-HS98-2320-413-16
门板（L/R）,MB(L)-HS97-2320-413-16
门板（L/R）,MB(R)-HS01-2320-413-16
门板（L/R）,MB(R)-HS02-2320-413-16
门板（L/R）,MB(R)-HS03-2320-413-16
门板（L/R）,MB(R)-HS99-2320-413-16
门板（L/R）,MB(R)-HS98-2320-413-16
门板（L/R）,MB(R)-HS97-2320-413-16
门板（L/R）,MB(L)-HS01-2320-429-16
门板（L/R）,MB(L)-HS02-2320-429-16
门板（L/R）,MB(L)-HS03-2320-429-16
门板（L/R）,MB(L)-HS99-2320-429-16
门板（L/R）,MB(L)-HS98-2320-429-16
门板（L/R）,MB(L)-HS97-2320-429-16
门板（L/R）,MB(R)-HS01-2320-429-16
门板（L/R）,MB(R)-HS02-2320-429-16
门板（L/R）,MB(R)-HS03-2320-429-16
门板（L/R）,MB(R)-HS99-2320-429-16
门板（L/R）,MB(R)-HS98-2320-429-16
门板（L/R）,MB(R)-HS97-2320-429-16
门板（L/R）,MB(L)-HS01-2320-445-16
门板（L/R）,MB(L)-HS02-2320-445-16
门板（L/R）,MB(L)-HS03-2320-445-16
门板（L/R）,MB(L)-HS99-2320-445-16
门板（L/R）,MB(L)-HS98-2320-445-16
门板（L/R）,MB(L)-HS97-2320-445-16
门板（L/R）,MB(R)-HS01-2320-445-16
门板（L/R）,MB(R)-HS02-2320-445-16
门板（L/R）,MB(R)-HS03-2320-445-16
门板（L/R）,MB(R)-HS99-2320-445-16
门板（L/R）,MB(R)-HS98-2320-445-16
门板（L/R）,MB(R)-HS97-2320-445-16
门板（L/R）,MB(L)-HS01-2320-461-16
门板（L/R）,MB(L)-HS02-2320-461-16
门板（L/R）,MB(L)-HS03-2320-461-16
门板（L/R）,MB(L)-HS99-2320-461-16
门板（L/R）,MB(L)-HS98-2320-461-16
门板（L/R）,MB(L)-HS97-2320-461-16
门板（L/R）,MB(R)-HS01-2320-461-16
门板（L/R）,MB(R)-HS02-2320-461-16
门板（L/R）,MB(R)-HS03-2320-461-16
门板（L/R）,MB(R)-HS99-2320-461-16
门板（L/R）,MB(R)-HS98-2320-461-16
门板（L/R）,MB(R)-HS97-2320-461-16
门板（L/R）,MB(L)-HS01-2288-349-16
门板（L/R）,MB(L)-HS02-2288-349-16
门板（L/R）,MB(L)-HS03-2288-349-16
门板（L/R）,MB(L)-HS99-2288-349-16
门板（L/R）,MB(L)-HS98-2288-349-16
门板（L/R）,MB(L)-HS97-2288-349-16
门板（L/R）,MB(R)-HS01-2288-349-16
门板（L/R）,MB(R)-HS02-2288-349-16
门板（L/R）,MB(R)-HS03-2288-349-16
门板（L/R）,MB(R)-HS99-2288-349-16
门板（L/R）,MB(R)-HS98-2288-349-16
门板（L/R）,MB(R)-HS97-2288-349-16
门板（L/R）,MB(L)-HS01-2288-365-16
门板（L/R）,MB(L)-HS02-2288-365-16
门板（L/R）,MB(L)-HS03-2288-365-16
门板（L/R）,MB(L)-HS99-2288-365-16
门板（L/R）,MB(L)-HS98-2288-365-16
门板（L/R）,MB(L)-HS97-2288-365-16
门板（L/R）,MB(R)-HS01-2288-365-16
门板（L/R）,MB(R)-HS02-2288-365-16
门板（L/R）,MB(R)-HS03-2288-365-16
门板（L/R）,MB(R)-HS99-2288-365-16
门板（L/R）,MB(R)-HS98-2288-365-16
门板（L/R）,MB(R)-HS97-2288-365-16
门板（L/R）,MB(L)-HS01-2288-381-16
门板（L/R）,MB(L)-HS02-2288-381-16
门板（L/R）,MB(L)-HS03-2288-381-16
门板（L/R）,MB(L)-HS99-2288-381-16
门板（L/R）,MB(L)-HS98-2288-381-16
门板（L/R）,MB(L)-HS97-2288-381-16
门板（L/R）,MB(R)-HS01-2288-381-16
门板（L/R）,MB(R)-HS02-2288-381-16
门板（L/R）,MB(R)-HS03-2288-381-16
门板（L/R）,MB(R)-HS99-2288-381-16
门板（L/R）,MB(R)-HS98-2288-381-16
门板（L/R）,MB(R)-HS97-2288-381-16
门板（L/R）,MB(L)-HS01-2288-397-16
门板（L/R）,MB(L)-HS02-2288-397-16
门板（L/R）,MB(L)-HS03-2288-397-16
门板（L/R）,MB(L)-HS99-2288-397-16
门板（L/R）,MB(L)-HS98-2288-397-16
门板（L/R）,MB(L)-HS97-2288-397-16
门板（L/R）,MB(R)-HS01-2288-397-16
门板（L/R）,MB(R)-HS02-2288-397-16
门板（L/R）,MB(R)-HS03-2288-397-16
门板（L/R）,MB(R)-HS99-2288-397-16
门板（L/R）,MB(R)-HS98-2288-397-16
门板（L/R）,MB(R)-HS97-2288-397-16
门板（L/R）,MB(L)-HS01-2288-413-16
门板（L/R）,MB(L)-HS02-2288-413-16
门板（L/R）,MB(L)-HS03-2288-413-16
门板（L/R）,MB(L)-HS99-2288-413-16
门板（L/R）,MB(L)-HS98-2288-413-16
门板（L/R）,MB(L)-HS97-2288-413-16
门板（L/R）,MB(R)-HS01-2288-413-16
门板（L/R）,MB(R)-HS02-2288-413-16
门板（L/R）,MB(R)-HS03-2288-413-16
门板（L/R）,MB(R)-HS99-2288-413-16
门板（L/R）,MB(R)-HS98-2288-413-16
门板（L/R）,MB(R)-HS97-2288-413-16
门板（L/R）,MB(L)-HS01-2288-429-16
门板（L/R）,MB(L)-HS02-2288-429-16
门板（L/R）,MB(L)-HS03-2288-429-16
门板（L/R）,MB(L)-HS99-2288-429-16
门板（L/R）,MB(L)-HS98-2288-429-16
门板（L/R）,MB(L)-HS97-2288-429-16
门板（L/R）,MB(R)-HS01-2288-429-16
门板（L/R）,MB(R)-HS02-2288-429-16
门板（L/R）,MB(R)-HS03-2288-429-16
门板（L/R）,MB(R)-HS99-2288-429-16
门板（L/R）,MB(R)-HS98-2288-429-16
门板（L/R）,MB(R)-HS97-2288-429-16
门板（L/R）,MB(L)-HS01-2288-445-16
门板（L/R）,MB(L)-HS02-2288-445-16
门板（L/R）,MB(L)-HS03-2288-445-16
门板（L/R）,MB(L)-HS99-2288-445-16
门板（L/R）,MB(L)-HS98-2288-445-16
门板（L/R）,MB(L)-HS97-2288-445-16
门板（L/R）,MB(R)-HS01-2288-445-16
门板（L/R）,MB(R)-HS02-2288-445-16
门板（L/R）,MB(R)-HS03-2288-445-16
门板（L/R）,MB(R)-HS99-2288-445-16
门板（L/R）,MB(R)-HS98-2288-445-16
门板（L/R）,MB(R)-HS97-2288-445-16
门板（L/R）,MB(L)-HS01-2288-461-16
门板（L/R）,MB(L)-HS02-2288-461-16
门板（L/R）,MB(L)-HS03-2288-461-16
门板（L/R）,MB(L)-HS99-2288-461-16
门板（L/R）,MB(L)-HS98-2288-461-16
门板（L/R）,MB(L)-HS97-2288-461-16
门板（L/R）,MB(R)-HS01-2288-461-16
门板（L/R）,MB(R)-HS02-2288-461-16
门板（L/R）,MB(R)-HS03-2288-461-16
门板（L/R）,MB(R)-HS99-2288-461-16
门板（L/R）,MB(R)-HS98-2288-461-16
门板（L/R）,MB(R)-HS97-2288-461-16
门板（L/R）,MB(L)-HS01-2256-349-16
门板（L/R）,MB(L)-HS02-2256-349-16
门板（L/R）,MB(L)-HS03-2256-349-16
门板（L/R）,MB(L)-HS99-2256-349-16
门板（L/R）,MB(L)-HS98-2256-349-16
门板（L/R）,MB(L)-HS97-2256-349-16
门板（L/R）,MB(R)-HS01-2256-349-16
门板（L/R）,MB(R)-HS02-2256-349-16
门板（L/R）,MB(R)-HS03-2256-349-16
门板（L/R）,MB(R)-HS99-2256-349-16
门板（L/R）,MB(R)-HS98-2256-349-16
门板（L/R）,MB(R)-HS97-2256-349-16
门板（L/R）,MB(L)-HS01-2256-365-16
门板（L/R）,MB(L)-HS02-2256-365-16
门板（L/R）,MB(L)-HS03-2256-365-16
门板（L/R）,MB(L)-HS99-2256-365-16
门板（L/R）,MB(L)-HS98-2256-365-16
门板（L/R）,MB(L)-HS97-2256-365-16
门板（L/R）,MB(R)-HS01-2256-365-16
门板（L/R）,MB(R)-HS02-2256-365-16
门板（L/R）,MB(R)-HS03-2256-365-16
门板（L/R）,MB(R)-HS99-2256-365-16
门板（L/R）,MB(R)-HS98-2256-365-16
门板（L/R）,MB(R)-HS97-2256-365-16
门板（L/R）,MB(L)-HS01-2256-381-16
门板（L/R）,MB(L)-HS02-2256-381-16
门板（L/R）,MB(L)-HS03-2256-381-16
门板（L/R）,MB(L)-HS99-2256-381-16
门板（L/R）,MB(L)-HS98-2256-381-16
门板（L/R）,MB(L)-HS97-2256-381-16
门板（L/R）,MB(R)-HS01-2256-381-16
门板（L/R）,MB(R)-HS02-2256-381-16
门板（L/R）,MB(R)-HS03-2256-381-16
门板（L/R）,MB(R)-HS99-2256-381-16
门板（L/R）,MB(R)-HS98-2256-381-16
门板（L/R）,MB(R)-HS97-2256-381-16
门板（L/R）,MB(L)-HS01-2256-397-16
门板（L/R）,MB(L)-HS02-2256-397-16
门板（L/R）,MB(L)-HS03-2256-397-16
门板（L/R）,MB(L)-HS99-2256-397-16
门板（L/R）,MB(L)-HS98-2256-397-16
门板（L/R）,MB(L)-HS97-2256-397-16
门板（L/R）,MB(R)-HS01-2256-397-16
门板（L/R）,MB(R)-HS02-2256-397-16
门板（L/R）,MB(R)-HS03-2256-397-16
门板（L/R）,MB(R)-HS99-2256-397-16
门板（L/R）,MB(R)-HS98-2256-397-16
门板（L/R）,MB(R)-HS97-2256-397-16
门板（L/R）,MB(L)-HS01-2256-413-16
门板（L/R）,MB(L)-HS02-2256-413-16
门板（L/R）,MB(L)-HS03-2256-413-16
门板（L/R）,MB(L)-HS99-2256-413-16
门板（L/R）,MB(L)-HS98-2256-413-16
门板（L/R）,MB(L)-HS97-2256-413-16
门板（L/R）,MB(R)-HS01-2256-413-16
门板（L/R）,MB(R)-HS02-2256-413-16
门板（L/R）,MB(R)-HS03-2256-413-16
门板（L/R）,MB(R)-HS99-2256-413-16
门板（L/R）,MB(R)-HS98-2256-413-16
门板（L/R）,MB(R)-HS97-2256-413-16
门板（L/R）,MB(L)-HS01-2256-429-16
门板（L/R）,MB(L)-HS02-2256-429-16
门板（L/R）,MB(L)-HS03-2256-429-16
门板（L/R）,MB(L)-HS99-2256-429-16
门板（L/R）,MB(L)-HS98-2256-429-16
门板（L/R）,MB(L)-HS97-2256-429-16
门板（L/R）,MB(R)-HS01-2256-429-16
门板（L/R）,MB(R)-HS02-2256-429-16
门板（L/R）,MB(R)-HS03-2256-429-16
门板（L/R）,MB(R)-HS99-2256-429-16
门板（L/R）,MB(R)-HS98-2256-429-16
门板（L/R）,MB(R)-HS97-2256-429-16
门板（L/R）,MB(L)-HS01-2256-445-16
门板（L/R）,MB(L)-HS02-2256-445-16
门板（L/R）,MB(L)-HS03-2256-445-16
门板（L/R）,MB(L)-HS99-2256-445-16
门板（L/R）,MB(L)-HS98-2256-445-16
门板（L/R）,MB(L)-HS97-2256-445-16
门板（L/R）,MB(R)-HS01-2256-445-16
门板（L/R）,MB(R)-HS02-2256-445-16
门板（L/R）,MB(R)-HS03-2256-445-16
门板（L/R）,MB(R)-HS99-2256-445-16
门板（L/R）,MB(R)-HS98-2256-445-16
门板（L/R）,MB(R)-HS97-2256-445-16
门板（L/R）,MB(L)-HS01-2256-461-16
门板（L/R）,MB(L)-HS02-2256-461-16
门板（L/R）,MB(L)-HS03-2256-461-16
门板（L/R）,MB(L)-HS99-2256-461-16
门板（L/R）,MB(L)-HS98-2256-461-16
门板（L/R）,MB(L)-HS97-2256-461-16
门板（L/R）,MB(R)-HS01-2256-461-16
门板（L/R）,MB(R)-HS02-2256-461-16
门板（L/R）,MB(R)-HS03-2256-461-16
门板（L/R）,MB(R)-HS99-2256-461-16
门板（L/R）,MB(R)-HS98-2256-461-16
门板（L/R）,MB(R)-HS97-2256-461-16
底支撑(单门柜体）,DC-HS01-336-82-16
底支撑(单门柜体）,DC-HS01-368-82-16
底支撑(单门柜体）,DC-HS01-400-82-16
底支撑(单门柜体）,DC-HS01-432-82-16
底支撑(单门柜体）,DC-HS02-336-82-16
底支撑(单门柜体）,DC-HS02-368-82-16
底支撑(单门柜体）,DC-HS02-400-82-16
底支撑(单门柜体）,DC-HS02-432-82-16
底支撑(单门柜体）,DC-HS03-336-82-16
底支撑(单门柜体）,DC-HS03-368-82-16
底支撑(单门柜体）,DC-HS03-400-82-16
底支撑(单门柜体）,DC-HS03-432-82-16
底支撑(单门柜体）,DC-HS99-336-82-16
底支撑(单门柜体）,DC-HS99-368-82-16
底支撑(单门柜体）,DC-HS99-400-82-16
底支撑(单门柜体）,DC-HS99-432-82-16
底支撑(单门柜体）,DC-HS98-336-82-16
底支撑(单门柜体）,DC-HS98-368-82-16
底支撑(单门柜体）,DC-HS98-400-82-16
底支撑(单门柜体）,DC-HS98-432-82-16
底支撑(单门柜体）,DC-HS97-336-82-16
底支撑(单门柜体）,DC-HS97-368-82-16
底支撑(单门柜体）,DC-HS97-400-82-16
底支撑(单门柜体）,DC-HS97-432-82-16
底支撑(双门柜体）,DC-HS01-672-82-16
底支撑(双门柜体）,DC-HS01-704-82-16
底支撑(双门柜体）,DC-HS01-736-82-16
底支撑(双门柜体）,DC-HS01-768-82-16
底支撑(双门柜体）,DC-HS01-800-82-16
底支撑(双门柜体）,DC-HS01-832-82-16
底支撑(双门柜体）,DC-HS01-864-82-16
底支撑(双门柜体）,DC-HS01-896-82-16
底支撑(双门柜体）,DC-HS02-672-82-16
底支撑(双门柜体）,DC-HS02-704-82-16
底支撑(双门柜体）,DC-HS02-736-82-16
底支撑(双门柜体）,DC-HS02-768-82-16
底支撑(双门柜体）,DC-HS02-800-82-16
底支撑(双门柜体）,DC-HS02-832-82-16
底支撑(双门柜体）,DC-HS02-864-82-16
底支撑(双门柜体）,DC-HS02-896-82-16
底支撑(双门柜体）,DC-HS03-672-82-16
底支撑(双门柜体）,DC-HS03-704-82-16
底支撑(双门柜体）,DC-HS03-736-82-16
底支撑(双门柜体）,DC-HS03-768-82-16
底支撑(双门柜体）,DC-HS03-800-82-16
底支撑(双门柜体）,DC-HS03-832-82-16
底支撑(双门柜体）,DC-HS03-864-82-16
底支撑(双门柜体）,DC-HS03-896-82-16
底支撑(双门柜体）,DC-HS99-672-82-16
底支撑(双门柜体）,DC-HS99-704-82-16
底支撑(双门柜体）,DC-HS99-736-82-16
底支撑(双门柜体）,DC-HS99-768-82-16
底支撑(双门柜体）,DC-HS99-800-82-16
底支撑(双门柜体）,DC-HS99-832-82-16
底支撑(双门柜体）,DC-HS99-864-82-16
底支撑(双门柜体）,DC-HS99-896-82-16
底支撑(双门柜体）,DC-HS98-672-82-16
底支撑(双门柜体）,DC-HS98-704-82-16
底支撑(双门柜体）,DC-HS98-736-82-16
底支撑(双门柜体）,DC-HS98-768-82-16
底支撑(双门柜体）,DC-HS98-800-82-16
底支撑(双门柜体）,DC-HS98-832-82-16
底支撑(双门柜体）,DC-HS98-864-82-16
底支撑(双门柜体）,DC-HS98-896-82-16
底支撑(双门柜体）,DC-HS97-672-82-16
底支撑(双门柜体）,DC-HS97-704-82-16
底支撑(双门柜体）,DC-HS97-736-82-16
底支撑(双门柜体）,DC-HS97-768-82-16
底支撑(双门柜体）,DC-HS97-800-82-16
底支撑(双门柜体）,DC-HS97-832-82-16
底支撑(双门柜体）,DC-HS97-864-82-16
底支撑(双门柜体）,DC-HS97-896-82-16
圆弧衔接板,YX-HS01-2434-560-16
圆弧衔接板,YX-HS02-2434-560-16
圆弧衔接板,YX-HS03-2434-560-16
圆弧衔接板,YX-HS99-2434-560-16
圆弧衔接板,YX-HS98-2434-560-16
圆弧衔接板,YX-HS97-2434-560-16
靠墙档条,TK16-HS01-2434-60–16
靠墙档条,TK16-HS02-2434-60–16
靠墙档条,TK16-HS03-2434-60–16
靠墙档条,TK16-HS99-2434-60–16
靠墙档条,TK16-HS98-2434-60–16
靠墙档条,TK16-HS97-2434-60–16
收口条,TSA60-HS01-2434-60-16
收口条,TSB50-HS01-2434-50-16
收口条,TSA60-HS02-2434-60-16
收口条,TSB50-HS02-2434-50-16
收口条,TSA60-HS03-2434-60-16
收口条,TSB50-HS03-2434-50-16
收口条,TSA60-HS99-2434-60-16
收口条,TSB50-HS99-2434-50-16
收口条,TSA60-HS98-2434-60-16
收口条,TSB50-HS98-2434-50-16
收口条,TSA60-HS97-2434-60-16
收口条,TSB50-HS97-2434-50-16
单抽屉组件,CTE1抽屉吊板(L)-HS00-534-179-16
单抽屉组件,CTE1抽屉吊板(R)-HS00-534-179-16
单抽屉组件,576吊板横撑-HS00-576-106-16
单抽屉组件,608抽屉面板-HS00-608-170-16
单抽屉组件,抽屉侧板(L)-HS00-450-138-12
单抽屉组件,抽屉侧板(R-HS00)-450-138-12
单抽屉组件,526抽屉后板-HS00-526-138-12
单抽屉组件,抽屉拉板-HS00-438-106-12
单抽屉组件,536抽屉底板-HS00-536-448-5
单抽屉组件,CTE1抽屉吊板(L)-HS00-534-179-16
单抽屉组件,CTE1抽屉吊板(R)-HS00-534-179-16
单抽屉组件,672吊板横撑-HS00-672-106-16
单抽屉组件,704抽屉面板-HS00-704-170-16
单抽屉组件,抽屉侧板(L)-HS00-450-138-12
单抽屉组件,抽屉侧板(R)-HS00-450-138-12
单抽屉组件,622抽屉后板-HS00-622-138-12
单抽屉组件,抽屉拉板-HS00-438-106-12
单抽屉组件,632抽屉底板-HS00-632-448-5
单抽屉组件,CTE1抽屉吊板(L)-HS00-534-179-16
单抽屉组件,CTE1抽屉吊板(R)-HS00-534-179-16
单抽屉组件,768吊板横撑-HS00-768-106-16
单抽屉组件,800抽屉面板-HS00-800-170-16
单抽屉组件,抽屉侧板(L)-HS00-450-138-12
单抽屉组件,抽屉侧板(R)-HS00-450-138-12
单抽屉组件,718抽屉后板-HS00-718-138-12
单抽屉组件,抽屉拉板-HS00-438-106-12
单抽屉组件,728抽屉底板-HS00-728-448-5
双抽屉组件,CTF2抽屉吊板(L)-HS00-534-371-16
双抽屉组件,CTF2抽屉吊板(R)-HS00-534-371-16
双抽屉组件,576吊板横撑-HS00-576-106-16
双抽屉组件,608抽屉面板-HS00-608-170-16
双抽屉组件,抽屉侧板(L)-HS00-450-138-12
双抽屉组件,抽屉侧板(R)-HS00-450-138-12
双抽屉组件,526抽屉后板-HS00-526-138-12
双抽屉组件,抽屉拉板-HS00-438-106-12
双抽屉组件,536抽屉底板-HS00-536-448-5
双抽屉组件,CTF2抽屉吊板(L)-HS00-534-371-16
双抽屉组件,CTF2抽屉吊板(R)-HS00-534-371-16
双抽屉组件,672吊板横撑-HS00-672-106-16
双抽屉组件,704抽屉面板-HS00-704-170-16
双抽屉组件,抽屉侧板(L)-HS00-450-138-12
双抽屉组件,抽屉侧板(R)-HS00-450-138-12
双抽屉组件,622抽屉后板-HS00-622-138-12
双抽屉组件,抽屉拉板-HS00-438-106-12
双抽屉组件,632抽屉底板-HS00-632-448-5
双抽屉组件,CTF2抽屉吊板(L)-HS00-534-371-16
双抽屉组件,CTF2抽屉吊板(R)-HS00-534-371-16
双抽屉组件,768吊板横撑-HS00-768-106-16
双抽屉组件,800抽屉面板-HS00-800-170-16
双抽屉组件,抽屉侧板(L)-HS00-450-138-12
双抽屉组件,抽屉侧板(R)-HS00-450-138-12
双抽屉组件,718抽屉后板-HS00-718-138-12
双抽屉组件,抽屉拉板-HS00-438-106-12
双抽屉组件,728抽屉底板-HS00-728-448-5
